sequence,structure,pdb_structure,motif_id,pdb_id,match_fraction,consensus_agreement
CGCGG&CCCG,((.((&)))),((.((&)))),TWOWAY-1-0-GCG-CC-8GLP-2,8GLP,1.0,1.0
CGCGG&CCUG,((.((&)))),((.((&)))),TWOWAY-1-0-GCG-CU-8GLP-2,8GLP,1.0,1.0
GUCGG&CCAC,((.((&)))),((.((&)))),TWOWAY-1-0-UCG-CA-1DQH-1,1DQH,1.0,1.0
GUCUU&AAAC,((.((&)))),((.((&)))),TWOWAY-1-0-UCU-AA-8TOC-2,8TOC,1.0,1.0
AAAUG&UGUU,((.((&)))),((.((&)))),TWOWAY-1-0-AAU-GU-8CSR-1,8CSR,1.0,0.74
UUACC&GGGG,((.((&)))),((.((&)))),TWOWAY-1-0-UAC-GG-8B0X-1,8B0X,1.0,0.88
GGAUG&CGCC,((.((&)))),((.((&)))),TWOWAY-1-0-GAU-GC-8TOC-1,8TOC,1.0,1.0
GGACC&GGCCC,((.((&)).)),((.((&)).)),TWOWAY-1-1-GAC-GCC-7ECN-1,7ECN,1.0,1.0
GACGG&CCCUC,((.((&)).)),((.((&)).)),TWOWAY-1-1-ACG-CCU-8GLP-1,8GLP,1.0,1.0
CCACC&GGAGG,((.((&)).)),((.((&)).)),TWOWAY-1-1-CAC-GAG-8QYX-1,8QYX,1.0,1.0
UGCGG&CUUCA,((.((&)).)),((.((&)).)),TWOWAY-1-1-GCG-UUC-8OVJ-1,8OVJ,1.0,1.0
AUCAA&UUUAU,((.((&)).)),((.((&)).)),TWOWAY-1-1-UCA-UUA-8TOC-1,8TOC,1.0,1.0
CCAGC&GCAGG,((.((&)).)),((.((&)).)),TWOWAY-1-1-CAG-CAG-4J50-1,4J50,1.0,1.0
CGAUC&GGCCG,((.((&)).)),((.((&)).)),TWOWAY-1-1-GAU-GCC-8GLP-1,8GLP,1.0,1.0
GACAA&UUUUC,((.((&)).)),((.((&)).)),TWOWAY-1-1-ACA-UUU-8Y6O-1,8Y6O,1.0,1.0
CAGGU&AUAUG,((.((&)).)),((.((&)).)),TWOWAY-1-1-AGG-UAU-1L9A-1,1L9A,1.0,1.0
CUAGA&UUGGG,((.((&)).)),((.((&)).)),TWOWAY-1-1-UAG-UGG-5MMI-1,5MMI,1.0,1.0
CCAACU&AGGG,((..((&)))),((..((&)))),TWOWAY-2-0-CAAC-GG-7QIW-1,7QIW,1.0,1.0
UGACCU&AGCA,((..((&)))),((..((&)))),TWOWAY-2-0-GACC-GC-8FKT-1,8FKT,1.0,1.0
CUCCUU&AAAG,((..((&)))),((..((&)))),TWOWAY-2-0-UCCU-AA-8I9R-1,8I9R,1.0,0.9
CCAAGG&CCGG,((..((&)))),((..((&)))),TWOWAY-2-0-CAAG-CG-4KQY-1,4KQY,1.0,1.0
GGUCUU&AACC,(((..(&)))),((..((&)))),TWOWAY-2-0-GUCU-AC-8GLP-1,8GLP,0.8,1.0
GGGAGG&CCCC,(((..(&)))),((..((&)))),TWOWAY-2-0-GGAG-CC-7PJS-1,7PJS,0.8,0.74
GCUAGC&GCGC,((..((&)))),((..((&)))),TWOWAY-2-0-CUAG-CG-8DP3-1,8DP3,1.0,1.0
UGGAUC&GACA,((..((&)))),((..((&)))),TWOWAY-2-0-GGAU-AC-8S1P-1,8S1P,1.0,1.0
GGAAGG&CCCC,((..((&)))),((..((&)))),TWOWAY-2-0-GAAG-CC-7ZP8-2,7ZP8,1.0,1.0
GUAAAC&GUGC,((..((&)))),((..((&)))),TWOWAY-2-0-UAAA-UG-8PV7-1,8PV7,1.0,1.0
GGUAUC&GACC,((..((&)))),((..((&)))),TWOWAY-2-0-GUAU-AC-4V9F-1,4V9F,1.0,1.0
GGAACG&CGACC,((..((&)).)),((..((&)).)),TWOWAY-2-1-GAAC-GAC-7EVO-1,7EVO,1.0,1.0
CUAACC&GGAGG,((..((&)).)),((..((&)).)),TWOWAY-2-1-UAAC-GAG-7SFR-1,7SFR,1.0,0.98
GGAAGG&CCACC,((..((&)).)),((..((&)).)),TWOWAY-2-1-GAAG-CAC-6DME-1,6DME,1.0,1.0
GCAAGC&GCAGC,((..((&)).)),((..((&)).)),TWOWAY-2-1-CAAG-CAG-5OQL-1,5OQL,1.0,1.0
AUCAAC&GUCGU,((..((&)).)),((..((&)).)),TWOWAY-2-1-UCAA-UCG-8TOC-1,8TOC,1.0,0.98
GCAGGG&CCAGC,((..((&)).)),((..((&)).)),TWOWAY-2-1-CAGG-CAG-6RXU-1,6RXU,1.0,0.96
CUUACC&GGGGG,(((.((&))))),((..((&)).)),TWOWAY-2-1-UUAC-GGG-7S1K-1,7S1K,0.8181818181818182,1.0
GUAAUU&AAUAC,(((.((&))))),((..((&)).)),TWOWAY-2-1-UAAU-AUA-6YAL-1,6YAL,0.8181818181818182,1.0
UAGCCG&UGUUA,((((.(&))))),((..((&)).)),TWOWAY-2-1-AGCC-GUU-8TOC-1,8TOC,0.6363636363636364,1.0
AGCAAG&CUACU,((..((&)).)),((..((&)).)),TWOWAY-2-1-GCAA-UAC-7UNW-1,7UNW,1.0,1.0
GCCUCG&CGCGC,((..((&)).)),((..((&)).)),TWOWAY-2-1-CCUC-GCG-8IA0-1,8IA0,1.0,1.0
GGCCC&GUCC,((..(&).)),((..(&).)),TWOWAY-2-1-GCCC-GUC-7WTW-1,7WTW,1.0,0.98
GGAGGA&UUUCC,((((.(&))))),((..((&)).)),TWOWAY-2-1-GAGG-UUC-7SFR-1,7SFR,0.6363636363636364,0.98
GUGGGG&CCAGC,((..((&)).)),((..((&)).)),TWOWAY-2-1-UGGG-CAG-4V51-1,4V51,1.0,0.98
GGUCCC&GGUCC,((..((&)).)),((..((&)).)),TWOWAY-2-1-GUCC-GUC-7O7Y-1,7O7Y,1.0,1.0
GUCAGG&CCCGC,((..((&)).)),((..((&)).)),TWOWAY-2-1-UCAG-CCG-8TOC-1,8TOC,1.0,0.96
CACAAA&UUAUG,((..((&)).)),((..((&)).)),TWOWAY-2-1-ACAA-UAU-8TOC-1,8TOC,1.0,0.94
UCAGAG&UUAGA,((..((&)).)),((..((&)).)),TWOWAY-2-1-CAGA-UAG-8EVT-1,8EVT,1.0,0.98
CGUUUU&AGCCG,((..((&)).)),((..((&)).)),TWOWAY-2-1-GUUU-GCC-7ASE-1,7ASE,1.0,1.0
CCCCGG&CCCCGG,((..((&))..)),((..((&))..)),TWOWAY-2-2-CCCG-CCCG-5EW4-1,5EW4,1.0,0.96
GAAAAU&AUAAUC,((..((&))..)),((..((&))..)),TWOWAY-2-2-AAAA-UAAU-8P2G-1,8P2G,1.0,1.0
UCACGG&CCCCGA,((..((&))..)),((..((&))..)),TWOWAY-2-2-CACG-CCCG-3CPW-1,3CPW,1.0,1.0
AAUGUU&AGCCUU,((.(((&))).)),((..((&))..)),TWOWAY-2-2-AUGU-GCCU-4WOI-1,4WOI,0.8333333333333334,1.0
CGCACG&CGCACG,((..((&))..)),((..((&))..)),TWOWAY-2-2-GCAC-GCAC-5UNE-1,5UNE,1.0,1.0
ACAGAG&CUAGGU,((..((&))..)),((..((&))..)),TWOWAY-2-2-CAGA-UAGG-8K0R-1,8K0R,1.0,1.0
GUGCGG&CUUCAC,(((.((&)).))),((..((&))..)),TWOWAY-2-2-UGCG-UUCA-8QIE-1,8QIE,0.8333333333333334,1.0
UUCAAA&UUGAAA,((..((&))..)),((..((&))..)),TWOWAY-2-2-UCAA-UGAA-8IYQ-1,8IYQ,1.0,0.96
CCAUGG&CUGGGG,((..((&))..)),((..((&))..)),TWOWAY-2-2-CAUG-UGGG-4U1U-1,4U1U,1.0,0.96
CAUGCU&AGCCUG,((.(((&))).)),((..((&))..)),TWOWAY-2-2-AUGC-GCCU-6SPB-1,6SPB,0.8333333333333334,1.0
GGAACC&GGAGCC,((..((&))..)),((..((&))..)),TWOWAY-2-2-GAAC-GAGC-8QYX-1,8QYX,1.0,1.0
GGACCA&UGACCU,((..((&))..)),((..((&))..)),TWOWAY-2-2-GACC-GACC-1D4R-2,1D4R,1.0,0.96
CCGAGG&CCGAGG,((..((&))..)),((..((&))..)),TWOWAY-2-2-CGAG-CGAG-8QYX-1,8QYX,1.0,1.0
CUCCGG&CUCCGG,((..((&))..)),((..((&))..)),TWOWAY-2-2-UCCG-UCCG-7EDT-1,7EDT,1.0,0.86
GAAACA&UGAAUU,((..((&))..)),((..((&))..)),TWOWAY-2-2-AAAC-GAAU-8OM4-1,8OM4,1.0,1.0
GGCCCGG&UCCC,((...((&)))),((...((&)))),TWOWAY-3-0-GCCCG-CC-8FL3-1,8FL3,1.0,1.0
GGAGAAC&GUCC,(((...(&)))),((...((&)))),TWOWAY-3-0-GAGAA-UC-8J3R-1,8J3R,0.8181818181818182,1.0
UUUUAGU&GCGA,((...((&)))),((...((&)))),TWOWAY-3-0-UUUAG-CG-7QEP-1,7QEP,1.0,0.9
CUAAACC&GGUAG,((..(((&))))),((...((&)).)),TWOWAY-3-1-UAAAC-GUA-4YB1-1,4YB1,0.8333333333333334,1.0
GGACCCU&GGACC,((...((&)).)),((...((&)).)),TWOWAY-3-1-GACCC-GAC-8AZW-1,8AZW,1.0,0.96
AAAAAUA&UAAUU,((...((&)).)),((...((&)).)),TWOWAY-3-1-AAAAU-AAU-7AM2-1,7AM2,1.0,0.72
CCGCCGC&GCGGG,((..(((&))))),((...((&)).)),TWOWAY-3-1-CGCCG-CGG-8BTR-1,8BTR,0.8333333333333334,0.92
GGAGCGG&UCGCC,(..((((&))))),((...((&)).)),TWOWAY-3-1-GAGCG-CGC-8BSI-1,8BSI,0.6666666666666666,0.76
GUCCCUG&CACAC,((...((&)).)),((...((&)).)),TWOWAY-3-1-UCCCU-ACA-5XYI-1,5XYI,1.0,1.0
CGUGCAC&GUCCG,((.(.((&))))),((...((&)).)),TWOWAY-3-1-GUGCA-UCC-6RXU-1,6RXU,0.8333333333333334,0.98
UAGUGGG&CCAUA,((...((&)).)),((...((&)).)),TWOWAY-3-1-AGUGG-CAU-7BTB-1,7BTB,1.0,0.8
GGUCCGG&CCUCC,((...((&)).)),((...((&)).)),TWOWAY-3-1-GUCCG-CUC-7CPU-1,7CPU,1.0,1.0
CCCUCUC&GACGG,((...((&)).)),((...((&)).)),TWOWAY-3-1-CCUCU-ACG-4JRC-2,4JRC,1.0,0.94
GGAGCGC&GCCCC,((.(.((&))))),((...((&)).)),TWOWAY-3-1-GAGCG-CCC-7OYD-1,7OYD,0.8333333333333334,1.0
GGUGUCC&GGCCC,((.(.((&))))),((...((&)).)),TWOWAY-3-1-GUGUC-GCC-6TH6-1,6TH6,0.8333333333333334,1.0
GGGUCCG&CGCCC,(((..((&))))),((...((&)).)),TWOWAY-3-1-GGUCC-GCC-6ZVK-1,6ZVK,0.8333333333333334,1.0
GCGCCGG&CCCGC,(((..((&))))),((...((&)).)),TWOWAY-3-1-CGCCG-CCG-6ZVK-1,6ZVK,0.8333333333333334,0.98
UCGAAAA&UUAGA,((...((&)).)),((...((&)).)),TWOWAY-3-1-CGAAA-UAG-6S12-1,6S12,1.0,0.98
GAAUAGG&CCGUC,((...((&)).)),((...((&)).)),TWOWAY-3-1-AAUAG-CGU-8I0V-1,8I0V,1.0,1.0
GGCCCGG&CCUCC,((...((&)).)),((...((&)).)),TWOWAY-3-1-GCCCG-CUC-7OYD-1,7OYD,1.0,1.0
AUAAAG&CCUGU,(((..(&).))),((...(&)..)),TWOWAY-3-2-UAAAG-CCUG-8IBZ-1,8IBZ,0.8181818181818182,0.96
AACCUCU&GGAAUU,((..(((&))).)),((...((&))..)),TWOWAY-3-2-ACCUC-GAAU-7O5B-1,7O5B,0.8461538461538461,0.86
CAAAAGG&CCCUUG,(((..((&)).))),((...((&))..)),TWOWAY-3-2-AAAAG-CCUU-5H1S-1,5H1S,0.8461538461538461,0.96
UUAUAGU&ACAUAG,((((.((&)))))),((...((&))..)),TWOWAY-3-2-UAUAG-CAUA-8V84-1,8V84,0.6923076923076923,1.0
GGUAAGA&UUAUCC,((...((&))..)),((...((&))..)),TWOWAY-3-2-GUAAG-UAUC-8S1P-1,8S1P,1.0,0.94
GGUUACC&GGGGCC,((((.((&)))))),((...((&))..)),TWOWAY-3-2-GUUAC-GGGC-8UU7-1,8UU7,0.6923076923076923,1.0
GAGGCCC&GGACUC,(((..((&)).))),((...((&))..)),TWOWAY-3-2-AGGCC-GACU-8T4S-1,8T4S,0.8461538461538461,1.0
CGAAAUA&UACACG,((...((&))..)),((...((&))..)),TWOWAY-3-2-GAAAU-ACAC-4YAZ-2,4YAZ,1.0,1.0
GUAAUUG&UGAUAC,(((.(((&)))))),((...((&))..)),TWOWAY-3-2-UAAUU-GAUA-7R81-1,7R81,0.6923076923076923,1.0
AUAAAAA&UUCAAU,((...((&))..)),((...((&))..)),TWOWAY-3-2-UAAAA-UCAA-6GAZ-1,6GAZ,1.0,0.8
CACGCGU&ACCAUG,((.(.((&))).)),((...((&))..)),TWOWAY-3-2-ACGCG-CCAU-2D3O-1,2D3O,0.8461538461538461,1.0
AUGCAGG&CCUGAU,((.((((&)))))),((...((&))..)),TWOWAY-3-2-UGCAG-CUGA-8UT0-1,8UT0,0.6923076923076923,0.98
CGUAACG&CGCCCG,((...((&))..)),((...((&))..)),TWOWAY-3-2-GUAAC-GCCC-3LOA-1,3LOA,1.0,1.0
CCAUACU&AGGAGG,((...((&))..)),((...((&))..)),TWOWAY-3-2-CAUAC-GGAG-6ERI-1,6ERI,1.0,1.0
GGACUUG&CAUACC,((...((&))..)),((...((&))..)),TWOWAY-3-2-GACUU-AUAC-8P8B-1,8P8B,1.0,1.0
GGGAAAC&GUAACC,((...((&))..)),((...((&))..)),TWOWAY-3-2-GGAAA-UAAC-6D3P-1,6D3P,1.0,0.92
CCGAAGC&GCUAGG,((..(((&))).)),((...((&))..)),TWOWAY-3-2-CGAAG-CUAG-9DFE-1,9DFE,0.8461538461538461,1.0
CGCUCCC&GGCCCG,((...((&))..)),((...((&))..)),TWOWAY-3-2-GCUCC-GCCC-9C3H-1,9C3H,1.0,0.98
CGGUACC&GGGACG,((...((&))..)),((...((&))..)),TWOWAY-3-2-GGUAC-GGAC-4V8D-1,4V8D,1.0,1.0
GGAAAGG&CUAACC,((...((&))..)),((...((&))..)),TWOWAY-3-2-GAAAG-UAAC-9CBX-1,9CBX,1.0,1.0
GCUAAGG&CUAUGC,((...((&))..)),((...((&))..)),TWOWAY-3-2-CUAAG-UAUG-4K27-1,4K27,1.0,0.96
ACAUGGC&GUGAGU,((.(.((&)).))),((...((&))..)),TWOWAY-3-2-CAUGG-UGAG-8FR8-1,8FR8,0.8461538461538461,1.0
CAAAACC&GGGGCUG,((...((&))...)),((...((&))...)),TWOWAY-3-3-AAAAC-GGGCU-7SFR-1,7SFR,1.0,1.0
GAAAAUA&UAUAAUC,((..(((&)))..)),((...((&))...)),TWOWAY-3-3-AAAAU-AUAAU-7ASP-1,7ASP,0.8571428571428571,1.0
CCAACCC&GGCAAGG,((...((&))...)),((...((&))...)),TWOWAY-3-3-CAACC-GCAAG-5J7L-2,5J7L,1.0,1.0
CCCGCC&GGGCGG,((..((&))..)),((...(&)...)),TWOWAY-3-3-CCGCC-GGGCG-4DB2-1,4DB2,0.8333333333333334,0.9
GGAGUCG&CGCGACC,((.(.((&)))..)),((...((&))...)),TWOWAY-3-3-GAGUC-GCGAC-5GMK-1,5GMK,0.8571428571428571,0.94
GGUGAGG&CUGAGCU,(((..((&))..))),((...((&))...)),TWOWAY-3-3-GUGAG-UGAGC-9C4G-1,9C4G,0.8571428571428571,1.0
ACCUUAC&GUAAUGU,((.((((&)))).)),((...((&))...)),TWOWAY-3-3-CCUUA-UAAUG-6V3A-1,6V3A,0.7142857142857143,1.0
CAUAUCC&GGCCCUG,((...((&))...)),((...((&))...)),TWOWAY-3-3-AUAUC-GCCCU-8CSS-1,8CSS,1.0,1.0
UAACUGC&GUAAGUG,((..(((&)))..)),((...((&))...)),TWOWAY-3-3-AACUG-UAAGU-7O5B-1,7O5B,0.8571428571428571,1.0
CGAUACC&GGCAGCG,((...((&))...)),((...((&))...)),TWOWAY-3-3-GAUAC-GCAGC-8D29-2,8D29,1.0,1.0
CCUAGCC&GGACGGG,(((..((&))..))),((...((&))...)),TWOWAY-3-3-CUAGC-GACGG-7AC7-1,7AC7,0.8571428571428571,1.0
GCACUGG&CCUGAGU,((.(.((&)).).)),((...((&))...)),TWOWAY-3-3-CACUG-CUGAG-7QEP-1,7QEP,0.8571428571428571,0.86
UCGGCCU&GGGAAGG,((..(((&)))..)),((...((&))...)),TWOWAY-3-3-CGGCC-GGAAG-6SPF-1,6SPF,0.8571428571428571,1.0
AGAAGGA&UUUAACU,((..(((&)))..)),((...((&))...)),TWOWAY-3-3-GAAGG-UUAAC-7OOD-1,7OOD,0.8571428571428571,1.0
CCCCGCC&GGAGCGG,((.(.((&)).).)),((...((&))...)),TWOWAY-3-3-CCCGC-GAGCG-8SCB-1,8SCB,0.8571428571428571,0.98
GACGAGG&CCGAAUU,((...((&))...)),((...((&))...)),TWOWAY-3-3-ACGAG-CGAAU-6S0Z-1,6S0Z,1.0,1.0
CCGUCCC&GGAGCGG,((((.((&)).)))),((...((&))...)),TWOWAY-3-3-CGUCC-GAGCG-7JQB-1,7JQB,0.7142857142857143,1.0
GCCGAGG&CCGAAGC,((...((&))...)),((...((&))...)),TWOWAY-3-3-CCGAG-CGAAG-8AZW-1,8AZW,1.0,1.0
AAAUGAU&AUGGCUU,((.(.((&)).).)),((...((&))...)),TWOWAY-3-3-AAUGA-UGGCU-8TOC-1,8TOC,0.8571428571428571,1.0
GCGGACU&GGACUGC,((((.((&)).)))),((...((&))...)),TWOWAY-3-3-CGGAC-GACUG-8BIP-1,8BIP,0.7142857142857143,1.0
CCAAACC&GGCUAGG,((...((&))...)),((...((&))...)),TWOWAY-3-3-CAAAC-GCUAG-7UNW-1,7UNW,1.0,1.0
GUGAAGC&GUGGAGC,((...((&))...)),((...((&))...)),TWOWAY-3-3-UGAAG-UGGAG-7ZP8-1,7ZP8,1.0,1.0
GGCGAGG&CUGACCC,((.(.((&))..))),((...((&))...)),TWOWAY-3-3-GCGAG-UGACC-7VPX-1,7VPX,0.8571428571428571,1.0
GAGGAGU&ACGAAUU,((...((&))...)),((...((&))...)),TWOWAY-3-3-AGGAG-CGAAU-8A57-1,8A57,1.0,0.98
CCGAAGC&GUGGAGG,((...((&))...)),((...((&))...)),TWOWAY-3-3-CGAAG-UGGAG-4UYK-1,4UYK,1.0,1.0
GACUAGG&CCGAAUU,((...((&))...)),((...((&))...)),TWOWAY-3-3-ACUAG-CGAAU-8S1P-1,8S1P,1.0,1.0
GAGAGUU&AAUGAUU,((..(((&)))..)),((...((&))...)),TWOWAY-3-3-AGAGU-AUGAU-7BGD-1,7BGD,0.8571428571428571,1.0
GCGAACC&GGACAGU,((...((&))...)),((...((&))...)),TWOWAY-3-3-CGAAC-GACAG-7JIL-1,7JIL,1.0,1.0
GGGGAAC&GUGAACU,((...((&))...)),((...((&))...)),TWOWAY-3-3-GGGAA-UGAAC-9C4G-1,9C4G,1.0,1.0
ACAAAGA&UCGGAGU,((...((&))...)),((...((&))...)),TWOWAY-3-3-CAAAG-CGGAG-7JIL-1,7JIL,1.0,1.0
CUAUACGG&CCAG,((....((&)))),((....((&)))),TWOWAY-4-0-UAUACG-CA-8UUA-1,8UUA,1.0,0.98
UCACAUGC&GCGA,((....((&)))),((....((&)))),TWOWAY-4-0-CACAUG-CG-5DM6-1,5DM6,1.0,0.94
CCAAAAGC&GUGG,((....((&)))),((....((&)))),TWOWAY-4-0-CAAAAG-UG-5V8I-1,5V8I,1.0,1.0
GCAUCAGG&CUGC,(((....(&)))),((....((&)))),TWOWAY-4-0-CAUCAG-UG-6VWL-1,6VWL,0.8333333333333334,1.0
GGAUCAAG&CUCC,(((....(&)))),((....((&)))),TWOWAY-4-0-GAUCAA-UC-7ACJ-1,7ACJ,0.8333333333333334,1.0
CAACCAAG&CUCUG,((....((&)).)),((....((&)).)),TWOWAY-4-1-AACCAA-UCU-8IA0-1,8IA0,1.0,0.8
CCAUAAGC&GCUGG,(((...((&))))),((....((&)).)),TWOWAY-4-1-CAUAAG-CUG-7SAE-1,7SAE,0.8461538461538461,1.0
CCUUCAAC&GUUGG,((...(((&))))),((....((&)).)),TWOWAY-4-1-CUUCAA-UUG-6ERI-1,6ERI,0.8461538461538461,0.78
GUUUAGGG&CCGGC,(((...((&))))),((....((&)).)),TWOWAY-4-1-UUUAGG-CGG-6TH6-1,6TH6,0.8461538461538461,1.0
CAAUACAA&UUAUG,((....((&)).)),((....((&)).)),TWOWAY-4-1-AAUACA-UAU-5MMI-1,5MMI,1.0,0.84
UUUGAAUG&CGCAG,((.(..((&))))),((....((&)).)),TWOWAY-4-1-UUGAAU-GCA-3J79-1,3J79,0.8461538461538461,0.64
CGAGCCAC&GUCCG,((.(..((&))))),((....((&)).)),TWOWAY-4-1-GAGCCA-UCC-6ZP4-1,6ZP4,0.8461538461538461,0.96
CCGGGAGC&GCAGG,((....((&)).)),((....((&)).)),TWOWAY-4-1-CGGGAG-CAG-7V2L-1,7V2L,1.0,1.0
ACCGAGCC&GGGAGU,((....((&))..)),((....((&))..)),TWOWAY-4-2-CCGAGC-GGAG-1NUV-1,1NUV,1.0,1.0
GUAGUAGU&AUGAAU,((....((&))..)),((....((&))..)),TWOWAY-4-2-UAGUAG-UGAA-8WHX-1,8WHX,1.0,0.86
CGCCCACC&GGCGCG,(((...((&)).))),((....((&))..)),TWOWAY-4-2-GCCCAC-GCGC-6ZVK-1,6ZVK,0.8571428571428571,1.0
CGCGCACU&GGUCCG,((.(.(((&)))))),((....((&))..)),TWOWAY-4-2-GCGCAC-GUCC-8RW1-1,8RW1,0.7142857142857143,0.92
GGCAUCGG&UCGACC,((..((((&)))))),((....((&))..)),TWOWAY-4-2-GCAUCG-CGAC-8AZW-1,8AZW,0.7142857142857143,1.0
GGAGUGCG&CGUUCC,(((..(((&)))))),((....((&))..)),TWOWAY-4-2-GAGUGC-GUUC-7MPJ-1,7MPJ,0.7142857142857143,1.0
GGCCCGGG&CCCUCC,((...(((&))).)),((....((&))..)),TWOWAY-4-2-GCCCGG-CCUC-6D9J-1,6D9J,0.8571428571428571,1.0
CUGGAAGG&CCCCAG,((((..((&)))))),((....((&))..)),TWOWAY-4-2-UGGAAG-CCCA-6TNN-1,6TNN,0.7142857142857143,1.0
GGCAUUGG&UCGACC,((..((((&)))))),((....((&))..)),TWOWAY-4-2-GCAUUG-CGAC-8IP8-1,8IP8,0.7142857142857143,1.0
AAUAUUCC&GGUAUU,((((..((&)))))),((....((&))..)),TWOWAY-4-2-AUAUUC-GUAU-6RM3-1,6RM3,0.7142857142857143,1.0
GGUUAUCC&GGUGCU,(((...((&)).))),((....((&))..)),TWOWAY-4-2-GUUAUC-GUGC-8EWC-1,8EWC,0.8571428571428571,1.0
GGAAUAGG&CCGUCC,(((...((&)).))),((....((&))..)),TWOWAY-4-2-GAAUAG-CGUC-7EVO-1,7EVO,0.8571428571428571,1.0
CCCAUCCC&GGCCCGG,((....((&))...)),((....((&))...)),TWOWAY-4-3-CCAUCC-GCCCG-8Q87-1,8Q87,1.0,0.94
GGAUCACU&AGGAACC,((.((.((&)))).)),((....((&))...)),TWOWAY-4-3-GAUCAC-GGAAC-4PHY-1,4PHY,0.7333333333333333,1.0
GUUCAUGC&GCUACAC,((....((&))...)),((....((&))...)),TWOWAY-4-3-UUCAUG-CUACA-8TOC-1,8TOC,1.0,1.0
CACAAACG&CGGUUUG,((....((&))...)),((....((&))...)),TWOWAY-4-3-ACAAAC-GGUUU-8TOC-1,8TOC,1.0,0.92
CGGUGGAG&CUAGCCG,((((..((&)).)))),((....((&))...)),TWOWAY-4-3-GGUGGA-UAGCC-7ASO-1,7ASO,0.7333333333333333,1.0
CGUUUGGU&ACCAUCG,((..((((&)))).)),((....((&))...)),TWOWAY-4-3-GUUUGG-CCAUC-3JAM-1,3JAM,0.7333333333333333,1.0
GUGUGUCG&CGCAUGC,(((((.((&))))))),((....((&))...)),TWOWAY-4-3-UGUGUC-GCAUG-7OLC-1,7OLC,0.6,1.0
UGUUUCGC&GUGAUCA,((..((((&)))).)),((....((&))...)),TWOWAY-4-3-GUUUCG-UGAUC-6XU8-1,6XU8,0.7333333333333333,1.0
CCGUGUCG&CGACCGG,(((.((((&))))))),((....((&))...)),TWOWAY-4-3-CGUGUC-GACCG-8GLP-1,8GLP,0.6,1.0
GGCUAGGG&CCAAACC,((....((&))...)),((....((&))...)),TWOWAY-4-3-GCUAGG-CAAAC-9DFC-1,9DFC,1.0,1.0
AUGUUGAC&GUUUAGU,((...(((&)))..)),((....((&))...)),TWOWAY-4-3-UGUUGA-UUUAG-1Y69-1,1Y69,0.8666666666666667,1.0
CCGAUUGA&UUAGAGG,((..((((&)))).)),((....((&))...)),TWOWAY-4-3-CGAUUG-UAGAG-8C01-1,8C01,0.7333333333333333,1.0
UCGUGCAC&GUGGUGG,(((..(((&))).))),((....((&))...)),TWOWAY-4-3-CGUGCA-UGGUG-8CVM-1,8CVM,0.7333333333333333,1.0
CCCGGCGG&CCCCCGG,((.((.((&)))).)),((....((&))...)),TWOWAY-4-3-CCGGCG-CCCCG-8GLP-1,8GLP,0.7333333333333333,0.78
CGAAGUCG&CGUCCCG,((..(.((&)).).)),((....((&))...)),TWOWAY-4-3-GAAGUC-GUCCC-4P3T-1,4P3T,0.8666666666666667,1.0
CCGACUGG&CUGGAGG,((..((((&)))).)),((....((&))...)),TWOWAY-4-3-CGACUG-UGGAG-8FVY-1,8FVY,0.7333333333333333,1.0
GGCAAGGG&CCAACCC,((....((&))...)),((....((&))...)),TWOWAY-4-3-GCAAGG-CAACC-6PC6-1,6PC6,1.0,0.98
CCGUAAGC&GUGAAGG,((....((&))...)),((....((&))...)),TWOWAY-4-3-CGUAAG-UGAAG-7UNW-1,7UNW,1.0,1.0
CUGUUAGG&CCGAGAG,((.((.((&)))).)),((....((&))...)),TWOWAY-4-3-UGUUAG-CGAGA-8QCQ-1,8QCQ,0.7333333333333333,1.0
AAUGAUGA&UUUAGUU,(((...((&))..))),((....((&))...)),TWOWAY-4-3-AUGAUG-UUAGU-8FMW-1,8FMW,0.8666666666666667,0.98
CUAUUAGG&CCGAGAG,((....((&))...)),((....((&))...)),TWOWAY-4-3-UAUUAG-CGAGA-8A57-1,8A57,1.0,1.0
CCGAAUCC&GGAUAGG,((..((((&)))).)),((....((&))...)),TWOWAY-4-3-CGAAUC-GAUAG-4V51-1,4V51,0.7333333333333333,1.0
GGGUUACC&GGGGCCC,(((((.((&))))))),((....((&))...)),TWOWAY-4-3-GGUUAC-GGGCC-6O90-1,6O90,0.6,1.0
GAUCACAA&UUUAUUC,((....((&))...)),((....((&))...)),TWOWAY-4-3-AUCACA-UUAUU-8P8B-1,8P8B,1.0,1.0
GGUGAGGU&AUGGAGCU,(((...((&))...))),((....((&))....)),TWOWAY-4-4-GUGAGG-UGGAGC-7ABZ-1,7ABZ,0.875,1.0
UGGGAGCG&CGUGACUG,(((..(((&)))..))),((....((&))....)),TWOWAY-4-4-GGGAGC-GUGACU-7V2L-1,7V2L,0.75,1.0
CCGAGCGG&CCGUGAGG,((..((((&))))..)),((....((&))....)),TWOWAY-4-4-CGAGCG-CGUGAG-6SWC-1,6SWC,0.75,1.0
CGGGAGCG&CGGGAGCG,((....((&))....)),((....((&))....)),TWOWAY-4-4-GGGAGC-GGGAGC-1D4R-1,1D4R,1.0,1.0
GAAUGUUG&UGACCUUC,(((.((((&)))).))),((....((&))....)),TWOWAY-4-4-AAUGUU-GACCUU-7O5B-1,7O5B,0.625,1.0
ACAGAUGG&CCUGAUGU,(((...((&))...))),((....((&))....)),TWOWAY-4-4-CAGAUG-CUGAUG-8QPP-1,8QPP,0.875,1.0
UCCCCCAA&UUACGCGA,((.(..((&))..).)),((....((&))....)),TWOWAY-4-4-CCCCCA-UACGCG-6YAL-1,6YAL,0.875,1.0
CCUUCGCC&GGAAACGG,((.(..((&))..).)),((....((&))....)),TWOWAY-4-4-CUUCGC-GAAACG-7MLW-1,7MLW,0.875,1.0
GGAAGGC&GUCGGCC,((..(((&)))..)),((....(&)....)),TWOWAY-4-4-GAAGGC-GUCGGC-8C8Y-1,8C8Y,0.7142857142857143,1.0
CCGUGACU&GGGAGCGG,((((..((&))..)))),((....((&))....)),TWOWAY-4-4-CGUGAC-GGAGCG-1N33-1,1N33,0.75,1.0
ACGGACGA&UCUGAUGU,(((...((&))...))),((....((&))....)),TWOWAY-4-4-CGGACG-CUGAUG-7NHL-1,7NHL,0.875,1.0
GGCGAACC&GGCUAACC,((..(.((&)).)..)),((....((&))....)),TWOWAY-4-4-GCGAAC-GCUAAC-8P9A-1,8P9A,0.875,1.0
GUCACAGC&GUCACAGC,((....((&))....)),((....((&))....)),TWOWAY-4-4-UCACAG-UCACAG-1KD5-1,1KD5,1.0,0.98
GGGGAACC&GGGGAACC,((....((&))....)),((....((&))....)),TWOWAY-4-4-GGGAAC-GGGAAC-3FTE-1,3FTE,1.0,1.0
GGAGAACC&GGGGAACC,((....((&))....)),((....((&))....)),TWOWAY-4-4-GAGAAC-GGGAAC-7OLC-1,7OLC,1.0,1.0
GAUGAAGG&CUGGAUUC,((....((&))....)),((....((&))....)),TWOWAY-4-4-AUGAAG-UGGAUU-7UNW-1,7UNW,1.0,1.0
UCUACCCG&CGAACAGG,(((...((&))...))),((....((&))....)),TWOWAY-4-4-CUACCC-GAACAG-6DVK-1,6DVK,0.875,1.0
CAAAAAUG&CGCCAAUG,((....((&))....)),((....((&))....)),TWOWAY-4-4-AAAAAU-GCCAAU-3PDR-1,3PDR,1.0,0.98
GAGGACCC&GGAGAAUU,((....((&))....)),((....((&))....)),TWOWAY-4-4-AGGACC-GAGAAU-7SFR-1,7SFR,1.0,0.92
CCAACCCG&CGGCAAGG,((...(((&)))...)),((....((&))....)),TWOWAY-4-4-CAACCC-GGCAAG-7BV8-1,7BV8,0.875,1.0
GUCCCCCAA&UUAC,((.....((&)))),((.....((&)))),TWOWAY-5-0-UCCCCCA-UA-8QOI-1,8QOI,1.0,1.0
CGAACUACC&GGCG,((.....((&)))),((.....((&)))),TWOWAY-5-0-GAACUAC-GC-6DVK-1,6DVK,1.0,0.98
CCAACAAGC&GUGG,((.....((&)))),((.....((&)))),TWOWAY-5-0-CAACAAG-UG-9DFE-1,9DFE,1.0,0.92
GUGCUAAUU&AAGC,((.....((&)))),((.....((&)))),TWOWAY-5-0-UGCUAAU-AG-9ESI-1,9ESI,1.0,0.56
UCUAUAUGG&CCAGA,(((....((&))))),((.....((&)).)),TWOWAY-5-1-CUAUAUG-CAG-8A57-1,8A57,0.8571428571428571,1.0
UCUGUACGG&CCUGA,((.....((&)).)),((.....((&)).)),TWOWAY-5-1-CUGUACG-CUG-8BUU-1,8BUU,1.0,0.8
AAAUCAUAA&UUGUU,(....((((&))))),((.....((&)).)),TWOWAY-5-1-AAUCAUA-UGU-8D8L-1,8D8L,0.7142857142857143,0.62
GGAAUCUCG&UGCCC,((.....((&)).)),((.....((&)).)),TWOWAY-5-1-GAAUCUC-GCC-6HD7-1,6HD7,1.0,1.0
UCUUUAAGG&CUUGA,((....(((&))))),((.....((&)).)),TWOWAY-5-1-CUUUAAG-UUG-7P7Q-1,7P7Q,0.8571428571428571,0.94
CCGAUAUGG&CCUAGG,((.....((&))..)),((.....((&))..)),TWOWAY-5-2-CGAUAUG-CUAG-7P7Q-1,7P7Q,1.0,1.0
GGGCUCGGG&CCCGCC,((...((((&)))))),((.....((&))..)),TWOWAY-5-2-GGCUCGG-CCGC-8Q87-1,8Q87,0.7333333333333333,0.86
UAUCGAAUU&AAACUA,((.....((&))..)),((.....((&))..)),TWOWAY-5-2-AUCGAAU-AACU-8TOC-1,8TOC,1.0,0.84
CGAGCCACC&GGUCCG,((.(..(((&)))))),((.....((&))..)),TWOWAY-5-2-GAGCCAC-GUCC-7QVP-1,7QVP,0.7333333333333333,1.0
UCACAUGCC&GGGCGA,((.(...((&))).)),((.....((&))..)),TWOWAY-5-2-CACAUGC-GGCG-1Y69-1,1Y69,0.8666666666666667,0.94
UGUAGAUUU&AAUGCA,((((...((&)))))),((.....((&))..)),TWOWAY-5-2-GUAGAUU-AUGC-6YWX-1,6YWX,0.7333333333333333,0.98
UACUCUAUG&CAUGUA,(((...(((&)))))),((.....((&))..)),TWOWAY-5-2-ACUCUAU-AUGU-6V3A-1,6V3A,0.7333333333333333,1.0
GAUUUGAGU&ACCGAUC,((((.(.((&))))))),((.....((&))...)),TWOWAY-5-3-AUUUGAG-CCGAU-8I9P-1,8I9P,0.625,1.0
CCCUGUAAU&AUACAGG,((.((((.(&))))))),((.....((&))...)),TWOWAY-5-3-CCUGUAA-UACAG-8P03-1,8P03,0.5,0.64
GAAUUGAGA&UUAUAUC,((..((.((&)).)))),((.....((&))...)),TWOWAY-5-3-AAUUGAG-UAUAU-7P7Q-1,7P7Q,0.75,0.76
AGGUAAAGA&UUAUACU,((.....((&))...)),((.....((&))...)),TWOWAY-5-3-GGUAAAG-UAUAC-8A57-1,8A57,1.0,0.88
GCGGGUCCG&CGGCCGC,((((..(((&))))))),((.....((&))...)),TWOWAY-5-3-CGGGUCC-GGCCG-6D9J-1,6D9J,0.625,1.0
AUAUGUAGG&CUGAAAU,((.....((&))...)),((.....((&))...)),TWOWAY-5-3-UAUGUAG-UGAAA-5J7L-2,5J7L,1.0,0.74
GGAUGAAAG&UUAACCC,((.....((&))...)),((.....((&))...)),TWOWAY-5-3-GAUGAAA-UAACC-5XTM-1,5XTM,1.0,0.9
GUGAUGAUU&AAUUUAAC,((...((((&))))..)),((.....((&))....)),TWOWAY-5-4-UGAUGAU-AUUUAA-6SJ6-1,6SJ6,0.7647058823529411,1.0
UCCCGCGGG&CCCCUCGA,((..(.(((&))))..)),((.....((&))....)),TWOWAY-5-4-CCCGCGG-CCCUCG-6ZVK-1,6ZVK,0.7647058823529411,1.0
ACGGGGGCC&GGCCUUGU,((((((.((&)))))))),((.....((&))....)),TWOWAY-5-4-CGGGGGC-GCCUUG-7V2Q-1,7V2Q,0.5294117647058824,1.0
CCGAUUGGA&UCUAGAGG,((..(((((&))))).)),((.....((&))....)),TWOWAY-5-4-CGAUUGG-CUAGAG-6W2S-1,6W2S,0.6470588235294118,1.0
GGAGAAUUU&GAGGACCC,((.(..(((&)))..))),((.....((&))....)),TWOWAY-5-4-GAGAAUU-AGGACC-8KAB-1,8KAB,0.7647058823529411,1.0
GGCAAGUCG&CGUCACCC,((...(.((&)).)..)),((.....((&))....)),TWOWAY-5-4-GCAAGUC-GUCACC-3BNP-1,3BNP,0.8823529411764706,1.0
CCUGUAAUU&AAUACAGG,((((((.((&)))))))),((.....((&))....)),TWOWAY-5-4-CUGUAAU-AUACAG-6ZLW-1,6ZLW,0.5294117647058824,1.0
UUUAAUGUU&AGCCUUGA,((....(((&)))...)),((.....((&))....)),TWOWAY-5-4-UUAAUGU-GCCUUG-7OT5-1,7OT5,0.8823529411764706,0.74
CACAAAACG&CGGAUUUG,((.((..((&))..)))),((.....((&))....)),TWOWAY-5-4-ACAAAAC-GGAUUU-8TOC-1,8TOC,0.7647058823529411,0.94
UUGUAAUUG&CGAUACAG,(((((.(((&)))))))),((.....((&))....)),TWOWAY-5-4-UGUAAUU-GAUACA-4V88-1,4V88,0.5294117647058824,1.0
GUGGGAUUC&GACGAAGC,((.....((&))....)),((.....((&))....)),TWOWAY-5-4-UGGGAUU-ACGAAG-6JXM-1,6JXM,1.0,0.96
CCGAUUGAA&UUUAGAGG,((..(((((&))))).)),((.....((&))....)),TWOWAY-5-4-CGAUUGA-UUAGAG-8R6F-1,8R6F,0.6470588235294118,1.0
UCUGUUAGG&CCGAGAGA,(((.((.((&)))).))),((.....((&))....)),TWOWAY-5-4-CUGUUAG-CGAGAG-7QV1-1,7QV1,0.6470588235294118,1.0
UCAACAGCC&GGACAUGG,(((....((&))...))),((.....((&))....)),TWOWAY-5-4-CAACAGC-GACAUG-8TJV-1,8TJV,0.8823529411764706,1.0
GGCAGUAGU&GCGAACCC,((.....((&))....)),((.....((&))....)),TWOWAY-5-4-GCAGUAG-CGAACC-9G7C-1,9G7C,1.0,1.0
CCGAGUAGU&GCGAAAGG,((.....((&))....)),((.....((&))....)),TWOWAY-5-4-CGAGUAG-CGAAAG-7SYS-1,7SYS,1.0,1.0
GGAGAACCG&CGGGGAACC,((....(((&)))....)),((.....((&)).....)),TWOWAY-5-5-GAGAACC-GGGGAAC-7OLD-1,7OLD,0.8888888888888888,1.0
CCGAAUUCA&UGGACGAGG,((...((((&))))...)),((.....((&)).....)),TWOWAY-5-5-CGAAUUC-GGACGAG-6S0X-1,6S0X,0.7777777777777778,1.0
CGCGGAGCC&GGGAACCUG,((.((..((&))...)))),((.....((&)).....)),TWOWAY-5-5-GCGGAGC-GGAACCU-8IFE-1,8IFE,0.7777777777777778,0.9
GCGGACUAC&GUGGACUGC,((((.((((&)))).)))),((.....((&)).....)),TWOWAY-5-5-CGGACUA-UGGACUG-6R87-1,6R87,0.5555555555555556,1.0
GCCCGGCGG&CCCGGCAGC,((((((..(&)))))..)),((.....((&)).....)),TWOWAY-5-5-CCCGGCG-CCGGCAG-7QGG-1,7QGG,0.5555555555555556,0.86
CCCCGGCCG&CGUGCCCGG,((..(((((&)).))).)),((.....((&)).....)),TWOWAY-5-5-CCCGGCC-GUGCCCG-7CPU-1,7CPU,0.6666666666666666,0.94
UGUUAUGAA&UUUGUACCA,((.((((((&)))))).)),((.....((&)).....)),TWOWAY-5-5-GUUAUGA-UUGUACC-6O90-1,6O90,0.5555555555555556,1.0
UCAAAGCAG&UUACGGAGA,((...(.((&)).)...)),((.....((&)).....)),TWOWAY-5-5-CAAAGCA-UACGGAG-8TOC-1,8TOC,0.8888888888888888,1.0
CCGAGAGAG&CUGGAAUGG,(((....((&))....))),((.....((&)).....)),TWOWAY-5-5-CGAGAGA-UGGAAUG-8BF9-1,8BF9,0.8888888888888888,1.0
GGGAAACCCU&AGCC,((......((&)))),((......((&)))),TWOWAY-6-0-GGAAACCC-GC-3R4F-1,3R4F,1.0,0.9
CCAACAAGCU&GGUGG,((.....(((&))))),((......((&)).)),TWOWAY-6-1-CAACAAGC-GUG-4V95-1,4V95,0.8666666666666667,1.0
UCUUUGUAAA&UUUGG,((.....(((&))))),((......((&)).)),TWOWAY-6-1-CUUUGUAA-UUG-8EVT-1,8EVT,0.8666666666666667,0.76
CUCGCGAAGC&GUGAG,(((.....((&))))),((......((&)).)),TWOWAY-6-1-UCGCGAAG-UGA-8A57-1,8A57,0.8666666666666667,0.6
AGAUCAAUGG&UUACU,((.....(((&))))),((......((&)).)),TWOWAY-6-1-GAUCAAUG-UAC-7B9V-1,7B9V,0.8666666666666667,0.9
GGCGGCCCGG&UCCCC,((.((....(&))))),((......((&)).)),TWOWAY-6-1-GCGGCCCG-CCC-6OLE-1,6OLE,0.7333333333333333,0.82
UUGUUUAACC&GGAAGA,((......((&))..)),((......((&))..)),TWOWAY-6-2-UGUUUAAC-GAAG-8A57-1,8A57,1.0,0.7
ACAACUCUGA&UCUGGU,((......((&))..)),((......((&))..)),TWOWAY-6-2-CAACUCUG-CUGG-8H6K-1,8H6K,1.0,0.78
CCUGUGAACC&GGGAGG,(((.....((&)).))),((......((&))..)),TWOWAY-6-2-CUGUGAAC-GGAG-6OXI-1,6OXI,0.875,0.92
CUCGGACACC&GGUGAG,(((....(((&)))))),((......((&))..)),TWOWAY-6-2-UCGGACAC-GUGA-4WSM-1,4WSM,0.75,1.0
GAACGUGAGC&GCUCUU,((....((((&)))))),((......((&))..)),TWOWAY-6-2-AACGUGAG-CUCU-8ESQ-1,8ESQ,0.75,0.62
CCAUUUGAGC&GCGAGG,((......((&))..)),((......((&))..)),TWOWAY-6-2-CAUUUGAG-CGAG-8S1P-1,8S1P,1.0,0.94
GCAUCGAUCC&GGGGAGC,((.((..(((&))))))),((......((&))...)),TWOWAY-6-3-CAUCGAUC-GGGAG-6UFH-1,6UFH,0.6470588235294118,1.0
GCUUUGAAGU&AUGGAGC,(((((...((&))))))),((......((&))...)),TWOWAY-6-3-CUUUGAAG-UGGAG-5J7L-1,5J7L,0.6470588235294118,1.0
CGGCGGAAAU&AUGGGCG,((.(.(...(&)).).)),((......((&))...)),TWOWAY-6-3-GGCGGAAA-UGGGC-5UNE-1,5UNE,0.7647058823529411,0.74
GCGAGGAUCC&GGGGAGU,((.....(((&)))..)),((......((&))...)),TWOWAY-6-3-CGAGGAUC-GGGAG-4GXY-1,4GXY,0.8823529411764706,0.96
CCGACGACCC&GGCGAGG,((..((..((&)))).)),((......((&))...)),TWOWAY-6-3-CGACGACC-GCGAG-7EAF-1,7EAF,0.7647058823529411,0.98
CCUGUGAACC&GGGGAGG,(((.....((&))..))),((......((&))...)),TWOWAY-6-3-CUGUGAAC-GGGAG-9DFC-1,9DFC,0.8823529411764706,1.0
CCUGUAAACC&GGGGAGG,(((.....((&))..))),((......((&))...)),TWOWAY-6-3-CUGUAAAC-GGGAG-4V90-1,4V90,0.8823529411764706,1.0
GUGAAGAAGU&AUGGAGC,((......((&))...)),((......((&))...)),TWOWAY-6-3-UGAAGAAG-UGGAG-7UIN-1,7UIN,1.0,0.98
ACUGUGAAGC&GUGGAGU,(((.....((&))..))),((......((&))...)),TWOWAY-6-3-CUGUGAAG-UGGAG-8WHX-1,8WHX,0.8823529411764706,1.0
GCGAAGACCC&GGUGAGC,((......((&))...)),((......((&))...)),TWOWAY-6-3-CGAAGACC-GUGAG-5FKH-1,5FKH,1.0,0.98
GCGAAGAACC&GGAGAGC,((......((&))...)),((......((&))...)),TWOWAY-6-3-CGAAGAAC-GAGAG-5FK5-1,5FK5,1.0,1.0
UUAUUGAUCC&GGGGAGA,((.....(((&)))..)),((......((&))...)),TWOWAY-6-3-UAUUGAUC-GGGAG-8FMW-1,8FMW,0.8823529411764706,0.62
GCGAAGACCC&GGAGAGC,((......((&))...)),((......((&))...)),TWOWAY-6-3-CGAAGACC-GAGAG-5FK6-1,5FK6,1.0,1.0
UUGAUGACCC&GGCAAGA,((..((..((&)))).)),((......((&))...)),TWOWAY-6-3-UGAUGACC-GCAAG-4AOB-1,4AOB,0.7647058823529411,0.92
GCAGAGAUCC&GGGGAGU,((.....(((&)))..)),((......((&))...)),TWOWAY-6-3-CAGAGAUC-GGGAG-6ERI-1,6ERI,0.8823529411764706,0.94
CCUCUCAUCA&UGUGCGG,((...((.((&)))).)),((......((&))...)),TWOWAY-6-3-CUCUCAUC-GUGCG-4V9F-1,4V9F,0.7647058823529411,0.98
GGUGAACCGG&UCAAAACU,(((.....((&))...))),((......((&))....)),TWOWAY-6-4-GUGAACCG-CAAAAC-5M73-1,5M73,0.8888888888888888,1.0
GGUUCCGGGG&CCUUGACC,(((..(((((&)))))))),((......((&))....)),TWOWAY-6-4-GUUCCGGG-CUUGAC-6XIR-1,6XIR,0.5555555555555556,1.0
GUUAUAAAGU&AUGUUCAC,((......((&))....)),((......((&))....)),TWOWAY-6-4-UUAUAAAG-UGUUCA-7JIL-1,7JIL,1.0,1.0
CCGCUCCCCG&CGCCCGGG,((......((&))....)),((......((&))....)),TWOWAY-6-4-CGCUCCCC-GCCCGG-6GZ5-1,6GZ5,1.0,0.56
GGUCUUGGGG&UCUCAACC,(((..(((((&)))))))),((......((&))....)),TWOWAY-6-4-GUCUUGGG-CUCAAC-5AJ0-1,5AJ0,0.5555555555555556,1.0
UUACCAACCC&GGCAAGGGG,((.((...((&))...)))),((......((&)).....)),TWOWAY-6-5-UACCAACC-GCAAGGG-5GAE-1,5GAE,0.7894736842105263,0.8
CCAAAUAGGG&CCGGGUAGG,((......((&)).....)),((......((&)).....)),TWOWAY-6-5-CAAAUAGG-CGGGUAG-7UO2-1,7UO2,1.0,0.98
GGUACUAACC&GGGACCUUC,((......((&)).....)),((......((&)).....)),TWOWAY-6-5-GUACUAAC-GGACCUU-8FR8-1,8FR8,1.0,0.94
CUACCAAACC&GGCUAGGGG,((.((...((&))...)))),((......((&)).....)),TWOWAY-6-5-UACCAAAC-GCUAGGG-9D0J-1,9D0J,0.7894736842105263,0.98
CCGUUCCUCG&CGUGGUCGG,(((..((.((&)).)).))),((......((&)).....)),TWOWAY-6-5-CGUUCCUC-GUGGUCG-7ASE-1,7ASE,0.6842105263157895,1.0
GGACAAGUCG&CGUCACCCC,((....(.((&)).)...)),((......((&)).....)),TWOWAY-6-5-GACAAGUC-GUCACCC-3BNN-3,3BNN,0.8947368421052632,0.98
GGUACUAACC&GGGAACUUC,((......((&)).....)),((......((&)).....)),TWOWAY-6-5-GUACUAAC-GGAACUU-7SFR-1,7SFR,1.0,0.98
CGUACUGAAU&AUGAUGGCG,(((.....((&))....))),((......((&)).....)),TWOWAY-6-5-GUACUGAA-UGAUGGC-7P6Z-1,7P6Z,0.8947368421052632,1.0
UUACUGACGU&GCCGAUGGG,((......((&)).....)),((......((&)).....)),TWOWAY-6-5-UACUGACG-CCGAUGG-8FR8-1,8FR8,1.0,0.58
ACCAGUACGC&GCCGACCGU,((..((..((&))..)).)),((......((&)).....)),TWOWAY-6-5-CCAGUACG-CCGACCG-4V9F-1,4V9F,0.7894736842105263,0.98
CGUCAAUUCGU&ACCG,((.......((&)))),((.......((&)))),TWOWAY-7-0-GUCAAUUCG-CC-6CB3-1,6CB3,1.0,0.92
CAACAUACUCG&CGUG,((.......((&)))),((.......((&)))),TWOWAY-7-0-AACAUACUC-GU-6N2V-1,6N2V,1.0,0.8
GGUGGAACCCC&GGCC,((.......((&)))),((.......((&)))),TWOWAY-7-0-GUGGAACCC-GC-7UQ6-1,7UQ6,1.0,0.8
UUUUGCUCCCC&GGAAAA,((((.....((&)))))),((.......((&))..)),TWOWAY-7-2-UUUGCUCCC-GAAA-7QXA-1,7QXA,0.7647058823529411,0.72
UCGUUUUAAUC&GAUAGA,((......(((&))).)),((.......((&))..)),TWOWAY-7-2-CGUUUUAAU-AUAG-8P2G-1,8P2G,0.8823529411764706,0.56
CCCAAGACAG&CCGAGG,((...(...(&))..)),((.......(&)...)),TWOWAY-7-3-CCAAGACAG-CCGAG-9E6Q-1,9E6Q,0.875,0.86
AGCAAUACAAG&UUAUGCU,((((.....((&)).)))),((.......((&))...)),TWOWAY-7-3-GCAAUACAA-UAUGC-6ERI-1,6ERI,0.7777777777777778,0.98
CCUCGGACACC&GGUGAGG,((((....(((&))))))),((.......((&))...)),TWOWAY-7-3-CUCGGACAC-GUGAG-4V5J-2,4V5J,0.6666666666666666,1.0
GCAUCAGGUAA&UUACUGC,(((....((((&))))))),((.......((&))...)),TWOWAY-7-3-CAUCAGGUA-UACUG-7ACR-1,7ACR,0.6666666666666666,1.0
UGGAUUUCCAA&UUGGCCG,(((....((((&))))))),((.......((&))...)),TWOWAY-7-3-GGAUUUCCA-UGGCC-5TGM-1,5TGM,0.6666666666666666,1.0
UCAUAAGGUAC&GUACUGA,(((....((((&))))))),((.......((&))...)),TWOWAY-7-3-CAUAAGGUA-UACUG-7UO2-1,7UO2,0.6666666666666666,1.0
GUUCUUUGUAA&UUGGGGC,(((((....((&))))))),((.......((&))...)),TWOWAY-7-3-UUCUUUGUA-UGGGG-6QIK-1,6QIK,0.6666666666666666,1.0
CCGUUUGACGA&UCCGAGG,((..(((..((&))))))),((.......((&))...)),TWOWAY-7-3-CGUUUGACG-CCGAG-6DVK-1,6DVK,0.6666666666666666,0.98
CCUGUGAACCC&GGGGGAGG,(((.....(((&)))..))),((.......((&))....)),TWOWAY-7-4-CUGUGAACC-GGGGAG-9D0J-1,9D0J,0.7894736842105263,1.0
CCUUGGAAACC&GGUGGAGG,((((.(...((&))).)))),((.......((&))....)),TWOWAY-7-4-CUUGGAAAC-GUGGAG-7O5B-1,7O5B,0.6842105263157895,1.0
CCGAAUGAAAU&GUAACUGG,(((......((&))...))),((.......((&))....)),TWOWAY-7-4-CGAAUGAAA-UAACUG-4TS2-1,4TS2,0.8947368421052632,0.98
GGUGCUGAAGC&GUGGAGCC,(((.((...((&)))).))),((.......((&))....)),TWOWAY-7-4-GUGCUGAAG-UGGAGC-6XU8-1,6XU8,0.6842105263157895,1.0
GACUGUGAAGC&GUGGAGUC,((((.....((&))..)))),((.......((&))....)),TWOWAY-7-4-ACUGUGAAG-UGGAGU-8FR8-1,8FR8,0.7894736842105263,1.0
GCCUGUGAACC&GGGGAGGC,((((.....((&))..)))),((.......((&))....)),TWOWAY-7-4-CCUGUGAAC-GGGAGG-7U2J-1,7U2J,0.7894736842105263,1.0
CCGAAGAGACG&CGAGGAGG,((.......((&))....)),((.......((&))....)),TWOWAY-7-4-CGAAGAGAC-GAGGAG-8UUA-1,8UUA,1.0,0.96
GCUUUGAAGUG&CAUGGAGC,(((((...(((&)))))))),((.......((&))....)),TWOWAY-7-4-CUUUGAAGU-AUGGAG-7LVK-1,7LVK,0.5789473684210527,1.0
CCGAUGAGACC&GGAGGAGG,((.......((&))....)),((.......((&))....)),TWOWAY-7-4-CGAUGAGAC-GAGGAG-7P7Q-1,7P7Q,1.0,1.0
CUUUCAAAUCUU&AAUGG,((........((&)).)),((........((&)).)),TWOWAY-8-1-UUUCAAAUCU-AUG-8TOC-1,8TOC,1.0,0.54
CGCCGCUCGUGG&CCCGGCG,(((((.....((&))))))),((........((&))...)),TWOWAY-8-3-GCCGCUCGUG-CCGGC-7QGG-1,7QGG,0.6842105263157895,0.96
CGGCGCCUAGCA&UGGGUCG,((((.((....(&))))))),((........((&))...)),TWOWAY-8-3-GGCGCCUAGC-GGGUC-6SXO-1,6SXO,0.5789473684210527,0.88
GGGAGCUAAGCUC&GACC,((.........((&)))),((.........((&)))),TWOWAY-9-0-GGAGCUAAGCU-AC-7LYF-1,7LYF,1.0,0.5
